{
  "best_weights": {
    "catboost": 0.055823629150624145,
    "elasticnet": 0.3235471921024406,
    "elasticnet_l1": 0.0987597580730572,
    "lag_momentum": 0.23658285597378,
    "lgbm": 0.11980049298635015,
    "ridge": 0.165486071713748,
    "xgb": 0.0
  },
  "best_params": {
    "threshold": 0.0,
    "power": 0.5,
    "scale": 41.033067119041775
  },
  "best_score": 0.6291307122626085,
  "best_volatility_ratio": 1.0047693499874788,
  "requested_trials": 800,
  "optimizer_seed": 42,
  "initial_weights": {
    "catboost": 0.0660798053674702,
    "elasticnet": 0.3829907837706699,
    "elasticnet_l1": 0.11690435915582352,
    "lag_momentum": 0.18588172155764324,
    "lgbm": 0.15169615480205367,
    "ridge": 0.09476362275697586,
    "xgb": 0.0016835525893634832
  },
  "top_trials": [
    {
      "trial": 329,
      "score": 0.6219683904646843,
      "vol_ratio": 1.0336993606467457,
      "weights": {
        "catboost": 0.0660798053674702,
        "elasticnet": 0.3829907837706699,
        "elasticnet_l1": 0.11690435915582352,
        "lag_momentum": 0.18588172155764324,
        "lgbm": 0.15169615480205367,
        "ridge": 0.09476362275697586,
        "xgb": 0.0016835525893634832
      },
      "params": {
        "threshold": 0.0,
        "power": 0.5,
        "scale": 41.033067119041775
      }
    },
    {
      "trial": 96,
      "score": 0.6179914589837843,
      "vol_ratio": 1.0829710262186867,
      "weights": {
        "catboost": 0.15910844959490372,
        "elasticnet": 0.33720558358819547,
        "elasticnet_l1": 0.049007026498631354,
        "lag_momentum": 0.15191071145158758,
        "lgbm": 0.046724078970229205,
        "ridge": 0.23877511130228765,
        "xgb": 0.017269038594165058
      },
      "params": {
        "threshold": 0.0,
        "power": 0.5,
        "scale": 40.81339107045161
      }
    },
    {
      "trial": 43,
      "score": 0.605252811191862,
      "vol_ratio": 1.0236340378307995,
      "weights": {
        "catboost": 0.06399454841158178,
        "elasticnet": 0.23832388176368938,
        "elasticnet_l1": 0.02364537620215121,
        "lag_momentum": 0.42573810259200906,
        "lgbm": 0.23864080277148156,
        "ridge": 0.008678435748944217,
        "xgb": 0.0009788525101429948
      },
      "params": {
        "threshold": 0.0,
        "power": 0.5,
        "scale": 50.444388323579574
      }
    },
    {
      "trial": 74,
      "score": 0.6048568042917735,
      "vol_ratio": 0.8600520438852971,
      "weights": {
        "catboost": 0.05818206261949455,
        "elasticnet": 0.13958156238781502,
        "elasticnet_l1": 0.0018470751533641856,
        "lag_momentum": 0.6526313749065239,
        "lgbm": 0.009380205047977444,
        "ridge": 0.13356299584763245,
        "xgb": 0.004814724037192592
      },
      "params": {
        "threshold": 0.0,
        "power": 0.65,
        "scale": 150.0
      }
    },
    {
      "trial": 228,
      "score": 0.6037164758177987,
      "vol_ratio": 1.0785725821599448,
      "weights": {
        "catboost": 0.31904263023435087,
        "elasticnet": 0.2370769125704108,
        "elasticnet_l1": 0.07314984938299804,
        "lag_momentum": 0.15575480129751149,
        "lgbm": 0.018234415060375788,
        "ridge": 0.1794030799351149,
        "xgb": 0.017338311519238033
      },
      "params": {
        "threshold": 0.0,
        "power": 0.5,
        "scale": 42.74660530615143
      }
    },
    {
      "trial": 375,
      "score": 0.6026163421179128,
      "vol_ratio": 1.0631535370907306,
      "weights": {
        "catboost": 0.09030807917447348,
        "elasticnet": 0.025103564470821023,
        "elasticnet_l1": 0.05848314359548419,
        "lag_momentum": 0.11470644644500222,
        "lgbm": 0.21447422085303738,
        "ridge": 0.48669886853522265,
        "xgb": 0.010225676925958906
      },
      "params": {
        "threshold": 7.830302280301094e-05,
        "power": 0.5,
        "scale": 46.47284776058916
      }
    },
    {
      "trial": 624,
      "score": 0.6012818719954386,
      "vol_ratio": 1.0543386256477698,
      "weights": {
        "catboost": 0.12221300208012272,
        "elasticnet": 0.15050915716322705,
        "elasticnet_l1": 0.2101664703197066,
        "lag_momentum": 0.17882774441824495,
        "lgbm": 0.07627397184875696,
        "ridge": 0.2481565006738168,
        "xgb": 0.013853153496125009
      },
      "params": {
        "threshold": 0.0,
        "power": 0.5,
        "scale": 43.81684019196194
      }
    },
    {
      "trial": 438,
      "score": 0.5979743905728274,
      "vol_ratio": 1.0527278246774925,
      "weights": {
        "catboost": 0.07387891177501826,
        "elasticnet": 0.3847070693416767,
        "elasticnet_l1": 0.060853977176089896,
        "lag_momentum": 0.06293059355803282,
        "lgbm": 0.10018020088037854,
        "ridge": 0.2910915384556878,
        "xgb": 0.02635770881311592
      },
      "params": {
        "threshold": 0.0,
        "power": 0.65,
        "scale": 101.46203490225753
      }
    },
    {
      "trial": 547,
      "score": 0.5953020093268043,
      "vol_ratio": 1.0778681668903771,
      "weights": {
        "catboost": 0.05279019522913961,
        "elasticnet": 0.4003412711810377,
        "elasticnet_l1": 0.17273318807470364,
        "lag_momentum": 0.05914894802448261,
        "lgbm": 0.2537193534060647,
        "ridge": 0.03871199948132552,
        "xgb": 0.02255504460324611
      },
      "params": {
        "threshold": 0.0,
        "power": 0.5,
        "scale": 39.934767849636735
      }
    },
    {
      "trial": 152,
      "score": 0.5934795536991809,
      "vol_ratio": 1.0571992961867505,
      "weights": {
        "catboost": 0.11430326354880259,
        "elasticnet": 0.08422415268015426,
        "elasticnet_l1": 0.014843615540047723,
        "lag_momentum": 0.3836512923287144,
        "lgbm": 0.03444806503478409,
        "ridge": 0.3620612947691282,
        "xgb": 0.006468316098368752
      },
      "params": {
        "threshold": 0.00013085482343903353,
        "power": 0.5,
        "scale": 57.60256127973722
      }
    },
    {
      "trial": 178,
      "score": 0.593023717021607,
      "vol_ratio": 1.0784224225699648,
      "weights": {
        "catboost": 0.07900667166040547,
        "elasticnet": 0.18885134082951133,
        "elasticnet_l1": 0.1272778612034937,
        "lag_momentum": 0.062452383789086637,
        "lgbm": 0.025364491271410286,
        "ridge": 0.48046063527085897,
        "xgb": 0.036586615975233674
      },
      "params": {
        "threshold": 0.0,
        "power": 0.65,
        "scale": 108.02301312007586
      }
    },
    {
      "trial": 379,
      "score": 0.5928349017552909,
      "vol_ratio": 1.0558856709978124,
      "weights": {
        "catboost": 0.018815258030551615,
        "elasticnet": 0.31626198578392783,
        "elasticnet_l1": 0.3338104969524531,
        "lag_momentum": 0.22628764837644366,
        "lgbm": 0.07898767592916284,
        "ridge": 0.01904519644434055,
        "xgb": 0.00679173848312033
      },
      "params": {
        "threshold": 6.883242848907777e-06,
        "power": 0.5,
        "scale": 45.281232067410066
      }
    },
    {
      "trial": 206,
      "score": 0.5915937809768553,
      "vol_ratio": 1.0274350940494197,
      "weights": {
        "catboost": 0.05127769944104212,
        "elasticnet": 0.5920638521750633,
        "elasticnet_l1": 0.10166990255423947,
        "lag_momentum": 0.04109141543742929,
        "lgbm": 0.034690572751459335,
        "ridge": 0.17431053401239893,
        "xgb": 0.004896023628367496
      },
      "params": {
        "threshold": 0.0,
        "power": 0.65,
        "scale": 94.28667640351122
      }
    },
    {
      "trial": 467,
      "score": 0.5913784413123915,
      "vol_ratio": 1.1151748839259608,
      "weights": {
        "catboost": 0.07161818348654832,
        "elasticnet": 0.5276594252772708,
        "elasticnet_l1": 0.2498409852287812,